StartDate,EndDate,Status,IPAddress,Progress,Duration (in seconds),Finished,RecordedDate,ResponseId,RecipientLastName,RecipientFirstName,RecipientEmail,ExternalReference,LocationLatitude,LocationLongitude,DistributionChannel,UserLanguage,device_use,Q1,Q1_6_TEXT,Q2,Q2_4_TEXT,Q3,Q3_5_TEXT,Q4,Q4_2_TEXT,Q5,Q5_5_TEXT,Q6,Q7,Q7_4_TEXT,Q8,Q8_4_TEXT,Q183,Q9,Q9_5_TEXT,Q184,Q184_4_TEXT,Q10,Q10_5_TEXT,Q11,Q11_4_TEXT,Q12,Q12_4_TEXT,Q13,Q13_3_TEXT,Q20,1_Q1,1_Q1_6_TEXT,1_Q2,1_Q2_4_TEXT,1_Q3,1_Q3_5_TEXT,1_Q4,1_Q4_2_TEXT,1_Q5,1_Q5_35_TEXT,1_Q6,1_Q7,1_Q7_4_TEXT,1_Q8,1_Q8_4_TEXT,1_Q186,1_Q186_4_TEXT,1_Q9,1_Q9_5_TEXT,1_Q10,1_Q10_5_TEXT,1_Q11,1_Q11_4_TEXT,1_Q185,1_Q185_5_TEXT,1_Q12,1_Q12_4_TEXT,1_Q13,1_Q13_3_TEXT,2_Q1,2_Q1_6_TEXT,2_Q2,2_Q2_4_TEXT,2_Q3,2_Q3_5_TEXT,2_Q4,2_Q4_2_TEXT,2_Q5,2_Q5_35_TEXT,2_Q6,2_Q7,2_Q7_4_TEXT,2_Q8,2_Q8_4_TEXT,2_Q186,2_Q186_4_TEXT,2_Q9,2_Q9_5_TEXT,2_Q10,2_Q10_5_TEXT,2_Q11,2_Q11_4_TEXT,2_Q185,2_Q185_5_TEXT,2_Q12,2_Q12_4_TEXT,2_Q13,2_Q13_3_TEXT,3_Q1,3_Q1_6_TEXT,3_Q2,3_Q2_4_TEXT,3_Q3,3_Q3_5_TEXT,3_Q4,3_Q4_2_TEXT,3_Q5,3_Q5_35_TEXT,3_Q6,3_Q7,3_Q7_4_TEXT,3_Q8,3_Q8_4_TEXT,3_Q186,3_Q186_4_TEXT,3_Q9,3_Q9_5_TEXT,3_Q10,3_Q10_5_TEXT,3_Q11,3_Q11_4_TEXT,3_Q185,3_Q185_5_TEXT,3_Q12,3_Q12_4_TEXT,3_Q13,3_Q13_3_TEXT,4_Q1,4_Q1_6_TEXT,4_Q2,4_Q2_4_TEXT,4_Q3,4_Q3_5_TEXT,4_Q4,4_Q4_2_TEXT,4_Q5,4_Q5_35_TEXT,4_Q6,4_Q7,4_Q7_4_TEXT,4_Q8,4_Q8_4_TEXT,4_Q186,4_Q186_4_TEXT,4_Q9,4_Q9_5_TEXT,4_Q10,4_Q10_5_TEXT,4_Q11,4_Q11_4_TEXT,4_Q185,4_Q185_5_TEXT,4_Q12,4_Q12_4_TEXT,4_Q13,4_Q13_3_TEXT,5_Q1,5_Q1_6_TEXT,5_Q2,5_Q2_4_TEXT,5_Q3,5_Q3_5_TEXT,5_Q4,5_Q4_2_TEXT,5_Q5,5_Q5_35_TEXT,5_Q6,5_Q7,5_Q7_4_TEXT,5_Q8,5_Q8_4_TEXT,5_Q186,5_Q186_4_TEXT,5_Q9,5_Q9_5_TEXT,5_Q10,5_Q10_5_TEXT,5_Q11,5_Q11_4_TEXT,5_Q185,5_Q185_5_TEXT,5_Q12,5_Q12_4_TEXT,5_Q13,5_Q13_3_TEXT,6_Q1,6_Q1_6_TEXT,6_Q2,6_Q2_4_TEXT,6_Q3,6_Q3_5_TEXT,6_Q4,6_Q4_2_TEXT,6_Q5,6_Q5_35_TEXT,6_Q6,6_Q7,6_Q7_4_TEXT,6_Q8,6_Q8_4_TEXT,6_Q186,6_Q186_4_TEXT,6_Q9,6_Q9_5_TEXT,6_Q10,6_Q10_5_TEXT,6_Q11,6_Q11_4_TEXT,6_Q185,6_Q185_5_TEXT,6_Q12,6_Q12_4_TEXT,6_Q13,6_Q13_3_TEXT,Q37,Q38,Q39,Q40,Q41,Q41_7_TEXT,Q42,Random_ID,scenario
Start Date,End Date,Response Type,IP Address,Progress,Duration (in seconds),Finished,Recorded Date,Response ID,Recipient Last Name,Recipient First Name,Recipient Email,External Data Reference,Location Latitude,Location Longitude,Distribution Channel,User Language,Which of these smart devices have you owned for atleast 6 months that you also use at least once a week:,Which of the following type of interactions would you like to use to perform this task? - Selected Choice,"Which of the following type of interactions would you like to use to perform this task? - others, please specify - Text","How would you like to multitask (i.e., use/view other applications) on any device of your choice while executing this task? - Selected Choice","How would you like to multitask (i.e., use/view other applications) on any device of your choice while executing this task? - Please specify, if there are any other device features through which you would like to simultaneously perform another task. - Text","Which aspects of any of
the device(s) would make it easier for you to use them for this task? - Selected Choice","Which aspects of any of
the device(s) would make it easier for you to use them for this task? - If there is any other feature that would make it easy for you to use any device for this task, please specify  - Text",What aspects of mobility do you expect to have for performing this task? - Selected Choice,"What aspects of mobility do you expect to have for performing this task? - If anything else, please specify - Text",What level of accuracy do you expect any of the device(s) to achieve for executing this task? - Selected Choice,"What level of accuracy do you expect any of the device(s) to achieve for executing this task? - If there are other factors you consider when thinking about the accuracy of the device(s) related to this task, please specify - Text",When would you desire to have an option of providing or changing any task related information on any of your device(s) while performing this task?,Which of the following features would help you in developing trust on any of your device(s) to be able to perform this task on it ? - Selected Choice,"Which of the following features would help you in developing trust on any of your device(s) to be able to perform this task on it ? - If anything else, please specify - Text",What sort of personalization or customizability do you expect to have from any your device(s) while performing this task? - Selected Choice,"What sort of personalization or customizability do you expect to have from any your device(s) while performing this task? - If anything else, please specify - Text",alt_p1_2,Which of the following do you expect to have in any of your device(s) to help you understand the features as you use them to perform this task? - Selected Choice,"Which of the following do you expect to have in any of your device(s) to help you understand the features as you use them to perform this task? - If  anything else, please specify - Text",alt_p1_1 - Selected Choice,"alt_p1_1 - If there is any other design component that helps you, please specify - Text",How would you expect any of your  device(s)  to provide feedback or respond to your actions as you perform this task? - Selected Choice,"How would you expect any of your  device(s)  to provide feedback or respond to your actions as you perform this task? - If through anything else, please specify  - Text",Which of the following design features would help you develop an intuition before you decide how to complete this task on any of the  device(s)? - Selected Choice,"Which of the following design features would help you develop an intuition before you decide how to complete this task on any of the  device(s)? - If there is any other design component that helps you, please specify - Text",Which of these maintenance features affect your decision to use any of the device(s) to perform this task? - Selected Choice,"Which of these maintenance features affect your decision to use any of the device(s) to perform this task? - If there are  any other features, please specify  - Text",Which of the following would you like to be able to additionally connect/download to/on your device(s) to execute the task? - Selected Choice,"Which of the following would you like to be able to additionally connect/download to/on your device(s) to execute the task? - If anything else, please specify - Text",Please  select the devices that you would you use for the above task:,Which of the following type of interactions do you use while executing a command on [Field-1]? - Laptop - Which of the following type of interactions do you use while executing a command on [Field-1]? - Selected Choice,"Which of the following type of interactions do you use while executing a command on [Field-1]? - Laptop - If anything else, please specify - Text","How do you multitask (i.e.,use other functionalities) on [Field-1] while executing this task? - Laptop - How do you multitask (i.e.,use other functionalities) on [Field-1] while executing this task? - Selected Choice","How do you multitask (i.e.,use other functionalities) on [Field-1] while executing this task? - Laptop - Please specify, if there are any other device features through which you will simultaneously perform another task on the device - Text",Which  aspects of [Field-1] makes it easy for you to use it for this task? - Laptop - Which  aspects of [Field-1] makes it easy for you to use it for this task? - Selected Choice,"Which  aspects of [Field-1] makes it easy for you to use it for this task? - Laptop - If there is any other feature of the device that makes it easy to use it for specified task, please specify  - Text",Which aspects of mobility does [Field-1]  provide as you perform this task? - Laptop - Which aspects of mobility does [Field-1]  provide as you perform this task? - Selected Choice,"Which aspects of mobility does [Field-1]  provide as you perform this task? - Laptop - If anything else, please specify - Text",What level of accuracy does your [Field-1] provide when executing the task? - Laptop - What level of accuracy does your [Field-1] provide when executing the task? - Selected Choice,"What level of accuracy does your [Field-1] provide when executing the task? - Laptop - If there are other factors you consider when thinking about the accuracy of the device related to this task, please specify - Text",Laptop - When does your [Field-1] give you an option of providing or changing any task related information to perform this task?,Which of the following features help you in reaching the desired level of trust to perform this task on [Field-1]? - Laptop - Which of the following features help you in reaching the desired level of trust to perform this task on [Field-1]? - Selected Choice,"Which of the following features help you in reaching the desired level of trust to perform this task on [Field-1]? - Laptop - If anything else, please specify - Text",What level of personalized communication does your [Field-1] provide while performing this task? - Laptop - What level of personalized communication does your [Field-1] provide while performing this task? - Selected Choice,"What level of personalized communication does your [Field-1] provide while performing this task? - Laptop - If anything else, please specify - Text",alt_p2_2 - Laptop - alt_p2_2 - Selected Choice,"alt_p2_2 - Laptop - If anything else, please specify - Text",How does your [Field-1] help you understand the features that you use to perform this task? - Laptop - How does your [Field-1] help you understand the features that you use to perform this task? - Selected Choice,"How does your [Field-1] help you understand the features that you use to perform this task? - Laptop - If through anything else, please specify - Text",How does [Field-1] provide feedback or respond to your actions as you execute the task? - Laptop - How does [Field-1] provide feedback or respond to your actions as you execute the task? - Selected Choice,"How does [Field-1] provide feedback or respond to your actions as you execute the task? - Laptop - If through anything else, please specify  - Text",Which of the following design components on your [Field-1] help you to develop an intuition before you decide how to complete this task? - Laptop - Which of the following design components on your [Field-1] help you to develop an intuition before you decide how to complete this task? - Selected Choice,"Which of the following design components on your [Field-1] help you to develop an intuition before you decide how to complete this task? - Laptop - If there is any other design component that helps you, please specify - Text",alt_p2_1 - Laptop - alt_p2_1 - Selected Choice,"alt_p2_1 - Laptop - If through anything else, please specify  - Text",Which of these maintenance features in [Field-1] affect you as you perform this task on it? - Laptop - Which of these maintenance features in [Field-1] affect you as you perform this task on it? - Selected Choice,"Which of these maintenance features in [Field-1] affect you as you perform this task on it? - Laptop - If there are  any other features, please specify - Text","Which of the additional
artifacts do you connect/download on your [Field-1] to execute the task? - Laptop - Which of the additional
artifacts do you connect/download on your [Field-1] to execute the task? - Selected Choice","Which of the additional
artifacts do you connect/download on your [Field-1] to execute the task? - Laptop - If anything else, please specify  - Text",Which of the following type of interactions do you use while executing a command on [Field-1]? - Smart Phone - Which of the following type of interactions do you use while executing a command on [Field-1]? - Selected Choice,"Which of the following type of interactions do you use while executing a command on [Field-1]? - Smart Phone - If anything else, please specify - Text","How do you multitask (i.e.,use other functionalities) on [Field-1] while executing this task? - Smart Phone - How do you multitask (i.e.,use other functionalities) on [Field-1] while executing this task? - Selected Choice","How do you multitask (i.e.,use other functionalities) on [Field-1] while executing this task? - Smart Phone - Please specify, if there are any other device features through which you will simultaneously perform another task on the device - Text",Which  aspects of [Field-1] makes it easy for you to use it for this task? - Smart Phone - Which  aspects of [Field-1] makes it easy for you to use it for this task? - Selected Choice,"Which  aspects of [Field-1] makes it easy for you to use it for this task? - Smart Phone - If there is any other feature of the device that makes it easy to use it for specified task, please specify  - Text",Which aspects of mobility does [Field-1]  provide as you perform this task? - Smart Phone - Which aspects of mobility does [Field-1]  provide as you perform this task? - Selected Choice,"Which aspects of mobility does [Field-1]  provide as you perform this task? - Smart Phone - If anything else, please specify - Text",What level of accuracy does your [Field-1] provide when executing the task? - Smart Phone - What level of accuracy does your [Field-1] provide when executing the task? - Selected Choice,"What level of accuracy does your [Field-1] provide when executing the task? - Smart Phone - If there are other factors you consider when thinking about the accuracy of the device related to this task, please specify - Text",Smart Phone - When does your [Field-1] give you an option of providing or changing any task related information to perform this task?,Which of the following features help you in reaching the desired level of trust to perform this task on [Field-1]? - Smart Phone - Which of the following features help you in reaching the desired level of trust to perform this task on [Field-1]? - Selected Choice,"Which of the following features help you in reaching the desired level of trust to perform this task on [Field-1]? - Smart Phone - If anything else, please specify - Text",What level of personalized communication does your [Field-1] provide while performing this task? - Smart Phone - What level of personalized communication does your [Field-1] provide while performing this task? - Selected Choice,"What level of personalized communication does your [Field-1] provide while performing this task? - Smart Phone - If anything else, please specify - Text",alt_p2_2 - Smart Phone - alt_p2_2 - Selected Choice,"alt_p2_2 - Smart Phone - If anything else, please specify - Text",How does your [Field-1] help you understand the features that you use to perform this task? - Smart Phone - How does your [Field-1] help you understand the features that you use to perform this task? - Selected Choice,"How does your [Field-1] help you understand the features that you use to perform this task? - Smart Phone - If through anything else, please specify - Text",How does [Field-1] provide feedback or respond to your actions as you execute the task? - Smart Phone - How does [Field-1] provide feedback or respond to your actions as you execute the task? - Selected Choice,"How does [Field-1] provide feedback or respond to your actions as you execute the task? - Smart Phone - If through anything else, please specify  - Text",Which of the following design components on your [Field-1] help you to develop an intuition before you decide how to complete this task? - Smart Phone - Which of the following design components on your [Field-1] help you to develop an intuition before you decide how to complete this task? - Selected Choice,"Which of the following design components on your [Field-1] help you to develop an intuition before you decide how to complete this task? - Smart Phone - If there is any other design component that helps you, please specify - Text",alt_p2_1 - Smart Phone - alt_p2_1 - Selected Choice,"alt_p2_1 - Smart Phone - If through anything else, please specify  - Text",Which of these maintenance features in [Field-1] affect you as you perform this task on it? - Smart Phone - Which of these maintenance features in [Field-1] affect you as you perform this task on it? - Selected Choice,"Which of these maintenance features in [Field-1] affect you as you perform this task on it? - Smart Phone - If there are  any other features, please specify - Text","Which of the additional
artifacts do you connect/download on your [Field-1] to execute the task? - Smart Phone - Which of the additional
artifacts do you connect/download on your [Field-1] to execute the task? - Selected Choice","Which of the additional
artifacts do you connect/download on your [Field-1] to execute the task? - Smart Phone - If anything else, please specify  - Text",Which of the following type of interactions do you use while executing a command on [Field-1]? - Desktop Computer - Which of the following type of interactions do you use while executing a command on [Field-1]? - Selected Choice,"Which of the following type of interactions do you use while executing a command on [Field-1]? - Desktop Computer - If anything else, please specify - Text","How do you multitask (i.e.,use other functionalities) on [Field-1] while executing this task? - Desktop Computer - How do you multitask (i.e.,use other functionalities) on [Field-1] while executing this task? - Selected Choice","How do you multitask (i.e.,use other functionalities) on [Field-1] while executing this task? - Desktop Computer - Please specify, if there are any other device features through which you will simultaneously perform another task on the device - Text",Which  aspects of [Field-1] makes it easy for you to use it for this task? - Desktop Computer - Which  aspects of [Field-1] makes it easy for you to use it for this task? - Selected Choice,"Which  aspects of [Field-1] makes it easy for you to use it for this task? - Desktop Computer - If there is any other feature of the device that makes it easy to use it for specified task, please specify  - Text",Which aspects of mobility does [Field-1]  provide as you perform this task? - Desktop Computer - Which aspects of mobility does [Field-1]  provide as you perform this task? - Selected Choice,"Which aspects of mobility does [Field-1]  provide as you perform this task? - Desktop Computer - If anything else, please specify - Text",What level of accuracy does your [Field-1] provide when executing the task? - Desktop Computer - What level of accuracy does your [Field-1] provide when executing the task? - Selected Choice,"What level of accuracy does your [Field-1] provide when executing the task? - Desktop Computer - If there are other factors you consider when thinking about the accuracy of the device related to this task, please specify - Text",Desktop Computer - When does your [Field-1] give you an option of providing or changing any task related information to perform this task?,Which of the following features help you in reaching the desired level of trust to perform this task on [Field-1]? - Desktop Computer - Which of the following features help you in reaching the desired level of trust to perform this task on [Field-1]? - Selected Choice,"Which of the following features help you in reaching the desired level of trust to perform this task on [Field-1]? - Desktop Computer - If anything else, please specify - Text",What level of personalized communication does your [Field-1] provide while performing this task? - Desktop Computer - What level of personalized communication does your [Field-1] provide while performing this task? - Selected Choice,"What level of personalized communication does your [Field-1] provide while performing this task? - Desktop Computer - If anything else, please specify - Text",alt_p2_2 - Desktop Computer - alt_p2_2 - Selected Choice,"alt_p2_2 - Desktop Computer - If anything else, please specify - Text",How does your [Field-1] help you understand the features that you use to perform this task? - Desktop Computer - How does your [Field-1] help you understand the features that you use to perform this task? - Selected Choice,"How does your [Field-1] help you understand the features that you use to perform this task? - Desktop Computer - If through anything else, please specify - Text",How does [Field-1] provide feedback or respond to your actions as you execute the task? - Desktop Computer - How does [Field-1] provide feedback or respond to your actions as you execute the task? - Selected Choice,"How does [Field-1] provide feedback or respond to your actions as you execute the task? - Desktop Computer - If through anything else, please specify  - Text",Which of the following design components on your [Field-1] help you to develop an intuition before you decide how to complete this task? - Desktop Computer - Which of the following design components on your [Field-1] help you to develop an intuition before you decide how to complete this task? - Selected Choice,"Which of the following design components on your [Field-1] help you to develop an intuition before you decide how to complete this task? - Desktop Computer - If there is any other design component that helps you, please specify - Text",alt_p2_1 - Desktop Computer - alt_p2_1 - Selected Choice,"alt_p2_1 - Desktop Computer - If through anything else, please specify  - Text",Which of these maintenance features in [Field-1] affect you as you perform this task on it? - Desktop Computer - Which of these maintenance features in [Field-1] affect you as you perform this task on it? - Selected Choice,"Which of these maintenance features in [Field-1] affect you as you perform this task on it? - Desktop Computer - If there are  any other features, please specify - Text","Which of the additional
artifacts do you connect/download on your [Field-1] to execute the task? - Desktop Computer - Which of the additional
artifacts do you connect/download on your [Field-1] to execute the task? - Selected Choice","Which of the additional
artifacts do you connect/download on your [Field-1] to execute the task? - Desktop Computer - If anything else, please specify  - Text",Which of the following type of interactions do you use while executing a command on [Field-1]? - Tablet - Which of the following type of interactions do you use while executing a command on [Field-1]? - Selected Choice,"Which of the following type of interactions do you use while executing a command on [Field-1]? - Tablet - If anything else, please specify - Text","How do you multitask (i.e.,use other functionalities) on [Field-1] while executing this task? - Tablet - How do you multitask (i.e.,use other functionalities) on [Field-1] while executing this task? - Selected Choice","How do you multitask (i.e.,use other functionalities) on [Field-1] while executing this task? - Tablet - Please specify, if there are any other device features through which you will simultaneously perform another task on the device - Text",Which  aspects of [Field-1] makes it easy for you to use it for this task? - Tablet - Which  aspects of [Field-1] makes it easy for you to use it for this task? - Selected Choice,"Which  aspects of [Field-1] makes it easy for you to use it for this task? - Tablet - If there is any other feature of the device that makes it easy to use it for specified task, please specify  - Text",Which aspects of mobility does [Field-1]  provide as you perform this task? - Tablet - Which aspects of mobility does [Field-1]  provide as you perform this task? - Selected Choice,"Which aspects of mobility does [Field-1]  provide as you perform this task? - Tablet - If anything else, please specify - Text",What level of accuracy does your [Field-1] provide when executing the task? - Tablet - What level of accuracy does your [Field-1] provide when executing the task? - Selected Choice,"What level of accuracy does your [Field-1] provide when executing the task? - Tablet - If there are other factors you consider when thinking about the accuracy of the device related to this task, please specify - Text",Tablet - When does your [Field-1] give you an option of providing or changing any task related information to perform this task?,Which of the following features help you in reaching the desired level of trust to perform this task on [Field-1]? - Tablet - Which of the following features help you in reaching the desired level of trust to perform this task on [Field-1]? - Selected Choice,"Which of the following features help you in reaching the desired level of trust to perform this task on [Field-1]? - Tablet - If anything else, please specify - Text",What level of personalized communication does your [Field-1] provide while performing this task? - Tablet - What level of personalized communication does your [Field-1] provide while performing this task? - Selected Choice,"What level of personalized communication does your [Field-1] provide while performing this task? - Tablet - If anything else, please specify - Text",alt_p2_2 - Tablet - alt_p2_2 - Selected Choice,"alt_p2_2 - Tablet - If anything else, please specify - Text",How does your [Field-1] help you understand the features that you use to perform this task? - Tablet - How does your [Field-1] help you understand the features that you use to perform this task? - Selected Choice,"How does your [Field-1] help you understand the features that you use to perform this task? - Tablet - If through anything else, please specify - Text",How does [Field-1] provide feedback or respond to your actions as you execute the task? - Tablet - How does [Field-1] provide feedback or respond to your actions as you execute the task? - Selected Choice,"How does [Field-1] provide feedback or respond to your actions as you execute the task? - Tablet - If through anything else, please specify  - Text",Which of the following design components on your [Field-1] help you to develop an intuition before you decide how to complete this task? - Tablet - Which of the following design components on your [Field-1] help you to develop an intuition before you decide how to complete this task? - Selected Choice,"Which of the following design components on your [Field-1] help you to develop an intuition before you decide how to complete this task? - Tablet - If there is any other design component that helps you, please specify - Text",alt_p2_1 - Tablet - alt_p2_1 - Selected Choice,"alt_p2_1 - Tablet - If through anything else, please specify  - Text",Which of these maintenance features in [Field-1] affect you as you perform this task on it? - Tablet - Which of these maintenance features in [Field-1] affect you as you perform this task on it? - Selected Choice,"Which of these maintenance features in [Field-1] affect you as you perform this task on it? - Tablet - If there are  any other features, please specify - Text","Which of the additional
artifacts do you connect/download on your [Field-1] to execute the task? - Tablet - Which of the additional
artifacts do you connect/download on your [Field-1] to execute the task? - Selected Choice","Which of the additional
artifacts do you connect/download on your [Field-1] to execute the task? - Tablet - If anything else, please specify  - Text",Which of the following type of interactions do you use while executing a command on [Field-1]? - Smart Speaker - Which of the following type of interactions do you use while executing a command on [Field-1]? - Selected Choice,"Which of the following type of interactions do you use while executing a command on [Field-1]? - Smart Speaker - If anything else, please specify - Text","How do you multitask (i.e.,use other functionalities) on [Field-1] while executing this task? - Smart Speaker - How do you multitask (i.e.,use other functionalities) on [Field-1] while executing this task? - Selected Choice","How do you multitask (i.e.,use other functionalities) on [Field-1] while executing this task? - Smart Speaker - Please specify, if there are any other device features through which you will simultaneously perform another task on the device - Text",Which  aspects of [Field-1] makes it easy for you to use it for this task? - Smart Speaker - Which  aspects of [Field-1] makes it easy for you to use it for this task? - Selected Choice,"Which  aspects of [Field-1] makes it easy for you to use it for this task? - Smart Speaker - If there is any other feature of the device that makes it easy to use it for specified task, please specify  - Text",Which aspects of mobility does [Field-1]  provide as you perform this task? - Smart Speaker - Which aspects of mobility does [Field-1]  provide as you perform this task? - Selected Choice,"Which aspects of mobility does [Field-1]  provide as you perform this task? - Smart Speaker - If anything else, please specify - Text",What level of accuracy does your [Field-1] provide when executing the task? - Smart Speaker - What level of accuracy does your [Field-1] provide when executing the task? - Selected Choice,"What level of accuracy does your [Field-1] provide when executing the task? - Smart Speaker - If there are other factors you consider when thinking about the accuracy of the device related to this task, please specify - Text",Smart Speaker - When does your [Field-1] give you an option of providing or changing any task related information to perform this task?,Which of the following features help you in reaching the desired level of trust to perform this task on [Field-1]? - Smart Speaker - Which of the following features help you in reaching the desired level of trust to perform this task on [Field-1]? - Selected Choice,"Which of the following features help you in reaching the desired level of trust to perform this task on [Field-1]? - Smart Speaker - If anything else, please specify - Text",What level of personalized communication does your [Field-1] provide while performing this task? - Smart Speaker - What level of personalized communication does your [Field-1] provide while performing this task? - Selected Choice,"What level of personalized communication does your [Field-1] provide while performing this task? - Smart Speaker - If anything else, please specify - Text",alt_p2_2 - Smart Speaker - alt_p2_2 - Selected Choice,"alt_p2_2 - Smart Speaker - If anything else, please specify - Text",How does your [Field-1] help you understand the features that you use to perform this task? - Smart Speaker - How does your [Field-1] help you understand the features that you use to perform this task? - Selected Choice,"How does your [Field-1] help you understand the features that you use to perform this task? - Smart Speaker - If through anything else, please specify - Text",How does [Field-1] provide feedback or respond to your actions as you execute the task? - Smart Speaker - How does [Field-1] provide feedback or respond to your actions as you execute the task? - Selected Choice,"How does [Field-1] provide feedback or respond to your actions as you execute the task? - Smart Speaker - If through anything else, please specify  - Text",Which of the following design components on your [Field-1] help you to develop an intuition before you decide how to complete this task? - Smart Speaker - Which of the following design components on your [Field-1] help you to develop an intuition before you decide how to complete this task? - Selected Choice,"Which of the following design components on your [Field-1] help you to develop an intuition before you decide how to complete this task? - Smart Speaker - If there is any other design component that helps you, please specify - Text",alt_p2_1 - Smart Speaker - alt_p2_1 - Selected Choice,"alt_p2_1 - Smart Speaker - If through anything else, please specify  - Text",Which of these maintenance features in [Field-1] affect you as you perform this task on it? - Smart Speaker - Which of these maintenance features in [Field-1] affect you as you perform this task on it? - Selected Choice,"Which of these maintenance features in [Field-1] affect you as you perform this task on it? - Smart Speaker - If there are  any other features, please specify - Text","Which of the additional
artifacts do you connect/download on your [Field-1] to execute the task? - Smart Speaker - Which of the additional
artifacts do you connect/download on your [Field-1] to execute the task? - Selected Choice","Which of the additional
artifacts do you connect/download on your [Field-1] to execute the task? - Smart Speaker - If anything else, please specify  - Text",Which of the following type of interactions do you use while executing a command on [Field-1]? - Smart Watch - Which of the following type of interactions do you use while executing a command on [Field-1]? - Selected Choice,"Which of the following type of interactions do you use while executing a command on [Field-1]? - Smart Watch - If anything else, please specify - Text","How do you multitask (i.e.,use other functionalities) on [Field-1] while executing this task? - Smart Watch - How do you multitask (i.e.,use other functionalities) on [Field-1] while executing this task? - Selected Choice","How do you multitask (i.e.,use other functionalities) on [Field-1] while executing this task? - Smart Watch - Please specify, if there are any other device features through which you will simultaneously perform another task on the device - Text",Which  aspects of [Field-1] makes it easy for you to use it for this task? - Smart Watch - Which  aspects of [Field-1] makes it easy for you to use it for this task? - Selected Choice,"Which  aspects of [Field-1] makes it easy for you to use it for this task? - Smart Watch - If there is any other feature of the device that makes it easy to use it for specified task, please specify  - Text",Which aspects of mobility does [Field-1]  provide as you perform this task? - Smart Watch - Which aspects of mobility does [Field-1]  provide as you perform this task? - Selected Choice,"Which aspects of mobility does [Field-1]  provide as you perform this task? - Smart Watch - If anything else, please specify - Text",What level of accuracy does your [Field-1] provide when executing the task? - Smart Watch - What level of accuracy does your [Field-1] provide when executing the task? - Selected Choice,"What level of accuracy does your [Field-1] provide when executing the task? - Smart Watch - If there are other factors you consider when thinking about the accuracy of the device related to this task, please specify - Text",Smart Watch - When does your [Field-1] give you an option of providing or changing any task related information to perform this task?,Which of the following features help you in reaching the desired level of trust to perform this task on [Field-1]? - Smart Watch - Which of the following features help you in reaching the desired level of trust to perform this task on [Field-1]? - Selected Choice,"Which of the following features help you in reaching the desired level of trust to perform this task on [Field-1]? - Smart Watch - If anything else, please specify - Text",What level of personalized communication does your [Field-1] provide while performing this task? - Smart Watch - What level of personalized communication does your [Field-1] provide while performing this task? - Selected Choice,"What level of personalized communication does your [Field-1] provide while performing this task? - Smart Watch - If anything else, please specify - Text",alt_p2_2 - Smart Watch - alt_p2_2 - Selected Choice,"alt_p2_2 - Smart Watch - If anything else, please specify - Text",How does your [Field-1] help you understand the features that you use to perform this task? - Smart Watch - How does your [Field-1] help you understand the features that you use to perform this task? - Selected Choice,"How does your [Field-1] help you understand the features that you use to perform this task? - Smart Watch - If through anything else, please specify - Text",How does [Field-1] provide feedback or respond to your actions as you execute the task? - Smart Watch - How does [Field-1] provide feedback or respond to your actions as you execute the task? - Selected Choice,"How does [Field-1] provide feedback or respond to your actions as you execute the task? - Smart Watch - If through anything else, please specify  - Text",Which of the following design components on your [Field-1] help you to develop an intuition before you decide how to complete this task? - Smart Watch - Which of the following design components on your [Field-1] help you to develop an intuition before you decide how to complete this task? - Selected Choice,"Which of the following design components on your [Field-1] help you to develop an intuition before you decide how to complete this task? - Smart Watch - If there is any other design component that helps you, please specify - Text",alt_p2_1 - Smart Watch - alt_p2_1 - Selected Choice,"alt_p2_1 - Smart Watch - If through anything else, please specify  - Text",Which of these maintenance features in [Field-1] affect you as you perform this task on it? - Smart Watch - Which of these maintenance features in [Field-1] affect you as you perform this task on it? - Selected Choice,"Which of these maintenance features in [Field-1] affect you as you perform this task on it? - Smart Watch - If there are  any other features, please specify - Text","Which of the additional
artifacts do you connect/download on your [Field-1] to execute the task? - Smart Watch - Which of the additional
artifacts do you connect/download on your [Field-1] to execute the task? - Selected Choice","Which of the additional
artifacts do you connect/download on your [Field-1] to execute the task? - Smart Watch - If anything else, please specify  - Text",Please specify the gender you most identify yourself with:,Please specify your age:,What is your current occupation:,What is the highest level of education you have?,How would you identify your race/ethnicity? - Selected Choice,How would you identify your race/ethnicity? - Other: - Text,What is your household's estimated yearly income?,Random_ID,scenario
"{""ImportId"":""startDate"",""timeZone"":""America/Denver""}","{""ImportId"":""endDate"",""timeZone"":""America/Denver""}","{""ImportId"":""status""}","{""ImportId"":""ipAddress""}","{""ImportId"":""progress""}","{""ImportId"":""duration""}","{""ImportId"":""finished""}","{""ImportId"":""recordedDate"",""timeZone"":""America/Denver""}","{""ImportId"":""_recordId""}","{""ImportId"":""recipientLastName""}","{""ImportId"":""recipientFirstName""}","{""ImportId"":""recipientEmail""}","{""ImportId"":""externalDataReference""}","{""ImportId"":""locationLatitude""}","{""ImportId"":""locationLongitude""}","{""ImportId"":""distributionChannel""}","{""ImportId"":""userLanguage""}","{""ImportId"":""QID3""}","{""ImportId"":""QID5""}","{""ImportId"":""QID5_6_TEXT""}","{""ImportId"":""QID8""}","{""ImportId"":""QID8_4_TEXT""}","{""ImportId"":""QID9""}","{""ImportId"":""QID9_5_TEXT""}","{""ImportId"":""QID10""}","{""ImportId"":""QID10_2_TEXT""}","{""ImportId"":""QID11""}","{""ImportId"":""QID11_5_TEXT""}","{""ImportId"":""QID12""}","{""ImportId"":""QID13""}","{""ImportId"":""QID13_4_TEXT""}","{""ImportId"":""QID14""}","{""ImportId"":""QID14_4_TEXT""}","{""ImportId"":""QID1501""}","{""ImportId"":""QID15""}","{""ImportId"":""QID15_5_TEXT""}","{""ImportId"":""QID1502""}","{""ImportId"":""QID1502_4_TEXT""}","{""ImportId"":""QID16""}","{""ImportId"":""QID16_5_TEXT""}","{""ImportId"":""QID17""}","{""ImportId"":""QID17_4_TEXT""}","{""ImportId"":""QID18""}","{""ImportId"":""QID18_4_TEXT""}","{""ImportId"":""QID19""}","{""ImportId"":""QID19_3_TEXT""}","{""ImportId"":""QID20""}","{""ImportId"":""1_QID22""}","{""ImportId"":""1_QID22_6_TEXT""}","{""ImportId"":""1_QID23""}","{""ImportId"":""1_QID23_4_TEXT""}","{""ImportId"":""1_QID24""}","{""ImportId"":""1_QID24_5_TEXT""}","{""ImportId"":""1_QID25""}","{""ImportId"":""1_QID25_2_TEXT""}","{""ImportId"":""1_QID26""}","{""ImportId"":""1_QID26_35_TEXT""}","{""ImportId"":""1_QID27""}","{""ImportId"":""1_QID28""}","{""ImportId"":""1_QID28_4_TEXT""}","{""ImportId"":""1_QID29""}","{""ImportId"":""1_QID29_4_TEXT""}","{""ImportId"":""1_QID1504""}","{""ImportId"":""1_QID1504_4_TEXT""}","{""ImportId"":""1_QID30""}","{""ImportId"":""1_QID30_5_TEXT""}","{""ImportId"":""1_QID31""}","{""ImportId"":""1_QID31_5_TEXT""}","{""ImportId"":""1_QID32""}","{""ImportId"":""1_QID32_4_TEXT""}","{""ImportId"":""1_QID1503""}","{""ImportId"":""1_QID1503_5_TEXT""}","{""ImportId"":""1_QID33""}","{""ImportId"":""1_QID33_4_TEXT""}","{""ImportId"":""1_QID34""}","{""ImportId"":""1_QID34_3_TEXT""}","{""ImportId"":""2_QID22""}","{""ImportId"":""2_QID22_6_TEXT""}","{""ImportId"":""2_QID23""}","{""ImportId"":""2_QID23_4_TEXT""}","{""ImportId"":""2_QID24""}","{""ImportId"":""2_QID24_5_TEXT""}","{""ImportId"":""2_QID25""}","{""ImportId"":""2_QID25_2_TEXT""}","{""ImportId"":""2_QID26""}","{""ImportId"":""2_QID26_35_TEXT""}","{""ImportId"":""2_QID27""}","{""ImportId"":""2_QID28""}","{""ImportId"":""2_QID28_4_TEXT""}","{""ImportId"":""2_QID29""}","{""ImportId"":""2_QID29_4_TEXT""}","{""ImportId"":""2_QID1504""}","{""ImportId"":""2_QID1504_4_TEXT""}","{""ImportId"":""2_QID30""}","{""ImportId"":""2_QID30_5_TEXT""}","{""ImportId"":""2_QID31""}","{""ImportId"":""2_QID31_5_TEXT""}","{""ImportId"":""2_QID32""}","{""ImportId"":""2_QID32_4_TEXT""}","{""ImportId"":""2_QID1503""}","{""ImportId"":""2_QID1503_5_TEXT""}","{""ImportId"":""2_QID33""}","{""ImportId"":""2_QID33_4_TEXT""}","{""ImportId"":""2_QID34""}","{""ImportId"":""2_QID34_3_TEXT""}","{""ImportId"":""3_QID22""}","{""ImportId"":""3_QID22_6_TEXT""}","{""ImportId"":""3_QID23""}","{""ImportId"":""3_QID23_4_TEXT""}","{""ImportId"":""3_QID24""}","{""ImportId"":""3_QID24_5_TEXT""}","{""ImportId"":""3_QID25""}","{""ImportId"":""3_QID25_2_TEXT""}","{""ImportId"":""3_QID26""}","{""ImportId"":""3_QID26_35_TEXT""}","{""ImportId"":""3_QID27""}","{""ImportId"":""3_QID28""}","{""ImportId"":""3_QID28_4_TEXT""}","{""ImportId"":""3_QID29""}","{""ImportId"":""3_QID29_4_TEXT""}","{""ImportId"":""3_QID1504""}","{""ImportId"":""3_QID1504_4_TEXT""}","{""ImportId"":""3_QID30""}","{""ImportId"":""3_QID30_5_TEXT""}","{""ImportId"":""3_QID31""}","{""ImportId"":""3_QID31_5_TEXT""}","{""ImportId"":""3_QID32""}","{""ImportId"":""3_QID32_4_TEXT""}","{""ImportId"":""3_QID1503""}","{""ImportId"":""3_QID1503_5_TEXT""}","{""ImportId"":""3_QID33""}","{""ImportId"":""3_QID33_4_TEXT""}","{""ImportId"":""3_QID34""}","{""ImportId"":""3_QID34_3_TEXT""}","{""ImportId"":""4_QID22""}","{""ImportId"":""4_QID22_6_TEXT""}","{""ImportId"":""4_QID23""}","{""ImportId"":""4_QID23_4_TEXT""}","{""ImportId"":""4_QID24""}","{""ImportId"":""4_QID24_5_TEXT""}","{""ImportId"":""4_QID25""}","{""ImportId"":""4_QID25_2_TEXT""}","{""ImportId"":""4_QID26""}","{""ImportId"":""4_QID26_35_TEXT""}","{""ImportId"":""4_QID27""}","{""ImportId"":""4_QID28""}","{""ImportId"":""4_QID28_4_TEXT""}","{""ImportId"":""4_QID29""}","{""ImportId"":""4_QID29_4_TEXT""}","{""ImportId"":""4_QID1504""}","{""ImportId"":""4_QID1504_4_TEXT""}","{""ImportId"":""4_QID30""}","{""ImportId"":""4_QID30_5_TEXT""}","{""ImportId"":""4_QID31""}","{""ImportId"":""4_QID31_5_TEXT""}","{""ImportId"":""4_QID32""}","{""ImportId"":""4_QID32_4_TEXT""}","{""ImportId"":""4_QID1503""}","{""ImportId"":""4_QID1503_5_TEXT""}","{""ImportId"":""4_QID33""}","{""ImportId"":""4_QID33_4_TEXT""}","{""ImportId"":""4_QID34""}","{""ImportId"":""4_QID34_3_TEXT""}","{""ImportId"":""5_QID22""}","{""ImportId"":""5_QID22_6_TEXT""}","{""ImportId"":""5_QID23""}","{""ImportId"":""5_QID23_4_TEXT""}","{""ImportId"":""5_QID24""}","{""ImportId"":""5_QID24_5_TEXT""}","{""ImportId"":""5_QID25""}","{""ImportId"":""5_QID25_2_TEXT""}","{""ImportId"":""5_QID26""}","{""ImportId"":""5_QID26_35_TEXT""}","{""ImportId"":""5_QID27""}","{""ImportId"":""5_QID28""}","{""ImportId"":""5_QID28_4_TEXT""}","{""ImportId"":""5_QID29""}","{""ImportId"":""5_QID29_4_TEXT""}","{""ImportId"":""5_QID1504""}","{""ImportId"":""5_QID1504_4_TEXT""}","{""ImportId"":""5_QID30""}","{""ImportId"":""5_QID30_5_TEXT""}","{""ImportId"":""5_QID31""}","{""ImportId"":""5_QID31_5_TEXT""}","{""ImportId"":""5_QID32""}","{""ImportId"":""5_QID32_4_TEXT""}","{""ImportId"":""5_QID1503""}","{""ImportId"":""5_QID1503_5_TEXT""}","{""ImportId"":""5_QID33""}","{""ImportId"":""5_QID33_4_TEXT""}","{""ImportId"":""5_QID34""}","{""ImportId"":""5_QID34_3_TEXT""}","{""ImportId"":""6_QID22""}","{""ImportId"":""6_QID22_6_TEXT""}","{""ImportId"":""6_QID23""}","{""ImportId"":""6_QID23_4_TEXT""}","{""ImportId"":""6_QID24""}","{""ImportId"":""6_QID24_5_TEXT""}","{""ImportId"":""6_QID25""}","{""ImportId"":""6_QID25_2_TEXT""}","{""ImportId"":""6_QID26""}","{""ImportId"":""6_QID26_35_TEXT""}","{""ImportId"":""6_QID27""}","{""ImportId"":""6_QID28""}","{""ImportId"":""6_QID28_4_TEXT""}","{""ImportId"":""6_QID29""}","{""ImportId"":""6_QID29_4_TEXT""}","{""ImportId"":""6_QID1504""}","{""ImportId"":""6_QID1504_4_TEXT""}","{""ImportId"":""6_QID30""}","{""ImportId"":""6_QID30_5_TEXT""}","{""ImportId"":""6_QID31""}","{""ImportId"":""6_QID31_5_TEXT""}","{""ImportId"":""6_QID32""}","{""ImportId"":""6_QID32_4_TEXT""}","{""ImportId"":""6_QID1503""}","{""ImportId"":""6_QID1503_5_TEXT""}","{""ImportId"":""6_QID33""}","{""ImportId"":""6_QID33_4_TEXT""}","{""ImportId"":""6_QID34""}","{""ImportId"":""6_QID34_3_TEXT""}","{""ImportId"":""QID37_TEXT""}","{""ImportId"":""QID38_TEXT""}","{""ImportId"":""QID39_TEXT""}","{""ImportId"":""QID40""}","{""ImportId"":""QID41""}","{""ImportId"":""QID41_7_TEXT""}","{""ImportId"":""QID42""}","{""ImportId"":""Random_ID""}","{""ImportId"":""scenario""}"
10/22/18 10:49,10/22/18 11:18,0,100.35.97.44,100,1710,1,10/22/18 11:18,R_0PqFJZpZwy0bdGp,,,,,40.74450684,-74.15080261,anonymous,EN,"1,2,3,4,5,6",2,,5,,"1,3",,1,,1,,1,5,,2,,1,"1,2,3",,"1,2",,"1,2,3",,"1,2",,5,,4,,6,,,,,,,,,,,,,,,,,,,,,,,,,,,,,,,,,,,,,,,,,,,,,,,,,,,,,,,,,,,,,,,,,,,,,,,,,,,,,,,,,,,,,,,,,,,,,,,,,,,,,,,,,,,,,,,,,,,,,,,,,,,,,,,,,,,,,,,,,,,,,,,,,,"1,2,5",,5,,3,,1,,1,,1,1,,5,,5,,3,,"1,3",,"1,2",,"1,3",,1,,4,,male,21,student,3,3,,2,54523,"<span lang=""EN-GB"" style=""font-size:11.0pt;line-height:115%;
font-family:&quot;Arial&quot;,sans-serif;mso-fareast-font-family:Arial;mso-ansi-language:
EN-GB;mso-fareast-language:EN-US;mso-bidi-language:AR-SA"">Suppose you want to a
send a text message when you are alone at Starbucks.</span>"
10/22/18 11:18,10/22/18 11:24,0,100.35.97.44,100,374,1,10/22/18 11:24,R_9uxRApWp6Yx6R4R,,,,,40.74450684,-74.15080261,anonymous,EN,"1,2,3,4,5,6","3,5",,5,,"1,2",,3,,1,,1,"2,3",,"2,3",,1,"1,3,4",,"1,2",,"1,3",,"1,2",,5,,2,,2,,,,,,,,,,,,,,,,,,,,,,,,,,,,,,"2,3",,3,,3,,1,,1,,"1,2",3,,2,,2,,"1,3",,3,,"1,2",,3,,5,,"1,2",,,,,,,,,,,,,,,,,,,,,,,,,,,,,,,,,,,,,,,,,,,,,,,,,,,,,,,,,,,,,,,,,,,,,,,,,,,,,,,,,,,,,,,,,,,,,,,,,,,,,,,,,,,,,,,,,,,,,,FEMALE,45,home maker,2,3,,3,92667,"<span lang=""EN-GB"" style=""font-size:11.0pt;line-height:115%;
font-family:&quot;Arial&quot;,sans-serif;mso-fareast-font-family:Arial;mso-ansi-language:
EN-GB;mso-fareast-language:EN-US;mso-bidi-language:AR-SA"">Suppose you want to a
send an email when you are at Starbucks.</span>"
10/22/18 11:26,10/22/18 11:33,0,100.35.97.44,100,417,1,10/22/18 11:33,R_3JxeyoUCq8HgPwM,,,,,40.74450684,-74.15080261,anonymous,EN,"1,2,5,6","1,2,5",,5,,"3,4",,1,,1,,1,5,,2,,1,"3,4",,"2,3",,"2,3",,"2,3",,1,,4,,"5,6",,,,,,,,,,,,,,,,,,,,,,,,,,,,,,,,,,,,,,,,,,,,,,,,,,,,,,,,,,,,,,,,,,,,,,,,,,,,,,,,,,,,,,,,,,,,,,,,,,,,,,,,,,,,,,,,,,,,,1,,5,,4,,1,,"2,3,4",,"1,2",5,,"1,2",,"1,2",,4,,2,,3,,2,,5,,4,,"2,5",,5,,3,,1,,1,,1,5,,5,,5,,3,,"3,4",,"1,2",,"3,4",,1,,4,,male,20,student,3,5,,3,28232,"<span lang=""EN-GB"">Suppose you have planned to meet a friend next week and you want to&nbsp;put this on your calendar </span><span lang=""EN-GB"">when</span><span lang=""EN-GB""> you are surrounded by people you know (e.g., acquaintances, colleagues) at your home.</span><span lang=""EN-GB""><o:p></o:p></span>"
10/22/18 12:39,10/22/18 12:48,0,23.123.107.108,100,552,1,10/22/18 12:48,R_upPyM20rcwKtdQt,,,,,29.66090393,-82.58519745,anonymous,EN,"1,2,3,4",1,,3,,2,,1,,1,,2,5,,2,,2,3,,2,,6,,2,,3,,2,,"1,2,3,4",1,,3,,2,,1,,1,,2,5,,2,,2,,3,,2,,2,,2,,3,,2,,1,,3,,2,,1,,1,,2,5,,2,,2,,3,,2,,2,,2,,3,,2,,1,,3,,1,,1,,1,,2,5,,2,,2,,3,,2,,2,,2,,3,,2,,1,,3,,2,,1,,1,,2,5,,2,,2,,3,,2,,2,,2,,3,,2,,,,,,,,,,,,,,,,,,,,,,,,,,,,,,,,,,,,,,,,,,,,,,,,,,,,,,,,,,,,female,37,banker,7,1,,6,12027,"<span lang=""EN-GB"">Suppose
     you want to set up a reminder when you are with people you know (e.g.,
     acquaintances, colleagues) at your home.<o:p></o:p></span>"
10/22/18 13:58,10/22/18 14:03,0,73.164.141.120,100,318,1,10/22/18 14:03,R_Zf1g7u6Z47eCAiB,,,,,45.36689758,-122.647995,anonymous,EN,"1,2,4",7,,5,,2,,3,,6,,4,5,,5,,4,6,,5,,"1,2,3,6",,5,,5,,4,,"1,2",7,,5,,6,,3,,6,,4,5,,5,,5,,6,,7,,5,,7,,5,,4,,7,,5,,6,,3,,6,,4,5,,5,,5,,6,,7,,5,,7,,5,,4,,,,,,,,,,,,,,,,,,,,,,,,,,,,,,,,,,,,,,,,,,,,,,,,,,,,,,,,,,,,,,,,,,,,,,,,,,,,,,,,,,,,,,,,,,,,,,,,,,,,,,,,,,,,,,,,,,,,,,Male,67,Writer,5,1,,1,56265,"Suppose
     you want to call your mother for sharing an important update about your
     life when you are surrounded by people you
     know (e.g., acquaintances, colleagues) at a restaurant.<o:p></o:p>"
10/22/18 14:59,10/22/18 15:11,0,100.35.97.44,100,716,1,10/22/18 15:11,R_3p4iBXpfNEErZMC,,,,,40.74450684,-74.15080261,anonymous,EN,"1,2,3,4,5,6",2,,5,,3,,1,,1,,3,3,,5,,3,3,,"1,2",,"1,2,3",,"1,2",,1,,4,,4,,,,,,,,,,,,,,,,,,,,,,,,,,,,,,,,,,,,,,,,,,,,,,,,,,,,,,,,,,,,,,,,,,,,,,,,,,,,,,,,,,,,,,,,2,,5,,2,,3,,1,,4,5,,5,,5,,6,,"2,3",,2,,"2,3",,5,,4,,,,,,,,,,,,,,,,,,,,,,,,,,,,,,,,,,,,,,,,,,,,,,,,,,,,,,,,,,,,male,21,student,3,3,,3,75897,"<span lang=""EN-GB"">Suppose you are at sitting at Starbucks and you want to play a digital/online&nbsp;</span>game."
10/22/18 15:29,10/22/18 15:42,0,207.189.30.238,100,788,1,10/22/18 15:42,R_3PmYVQbnSlPolEk,,,,,39.74909973,-104.9945984,anonymous,EN,"1,2,5",2,,3,,"2,3",,1,,1,,2,"2,3",,2,,2,"1,2",,2,,2,,2,,5,,2,,"1,2",2,,3,,1,,1,,2,,2,2,,2,,2,,2,,2,,2,,2,,2,,2,,2,,3,,1,,1,,3,,2,2,,2,,2,,2,,2,,2,,2,,2,,2,,,,,,,,,,,,,,,,,,,,,,,,,,,,,,,,,,,,,,,,,,,,,,,,,,,,,,,,,,,,,,,,,,,,,,,,,,,,,,,,,,,,,,,,,,,,,,,,,,,,,,,,,,,,,,,,,,,,,,famele,37,teacher,6,1,,8,96801,"<span lang=""EN-GB"">Suppose
     you want to listen to some audio when you are with people you know (e.g.,
     acquaintances, colleagues) in a park.<o:p></o:p></span>


<p><span lang=""EN-GB"" style=""color:red"">&nbsp;</span></p>"
10/22/18 15:12,10/22/18 16:18,0,100.35.97.44,100,3962,1,10/22/18 16:18,R_2v6NIJIYAmXIhsQ,,,,,40.74450684,-74.15080261,anonymous,EN,"1,2,3,4,5,6","2,5",,5,,"1,2,3",,3,,1,,3,5,,2,,3,"1,2,3",,"1,2",,3,,"1,2",,1,,4,,"1,2,3,4,5,6",5,,5,,3,,3,,1,,3,3,,5,,5,,3,,3,,"1,2",,3,,3,,"1,2",,"2,5",,1,,"2,3",,1,,1,,3,5,,2,,2,,3,,3,,2,,3,,5,,4,,"2,5",,3,,3,,1,,6,,1,3,,2,,2,,3,,"3,4",,2,,"3,4",,5,,4,,"2,3,5",,5,,3,,1,,1,,3,5,,5,,5,,3,,3,,2,,3,,3,,"1,2",,1,,5,,4,,1,,3,,2,3,,2,,2,,4,,"2,4",,3,,"2,4",,5,,4,,"2,5",,5,,"2,3",,1,,1,,1,5,,5,,5,,3,,"3,4",,2,,"3,4",,"1,3",,4,,male,21,student,3,3,,3,32178,"<span lang=""EN-GB"">Suppose you want to a send an email when you are walking with a very close friend on a street.&nbsp;<o:p></o:p></span>"
10/22/18 16:18,10/22/18 16:21,0,100.35.97.44,100,207,1,10/22/18 16:21,R_3gNjaFg7NPM7BEW,,,,,40.74450684,-74.15080261,anonymous,EN,"1,2,4,5,6",2,,5,,3,,1,,1,,3,"1,2,3",,2,,3,"1,3",,"1,2",,3,,"1,2",,3,,2,,4,,,,,,,,,,,,,,,,,,,,,,,,,,,,,,,,,,,,,,,,,,,,,,,,,,,,,,,,,,,,,,,,,,,,,,,,,,,,,,,,,,,,,,,,"2,5",,1,,"1,2,3",,1,,1,,3,2,,5,,5,,"1,3",,3,,"1,2",,3,,3,,"1,2",,,,,,,,,,,,,,,,,,,,,,,,,,,,,,,,,,,,,,,,,,,,,,,,,,,,,,,,,,,,male,21,student,3,5,,2,51876,"<span lang=""EN-GB"">Suppose
     you are at a park with your close friends and you realize today is the
     last day to pay one of your bills online.<o:p></o:p></span>"
10/22/18 16:21,10/22/18 16:25,0,100.35.97.44,100,247,1,10/22/18 16:25,R_2uyMbwiGDvTFNL5,,,,,40.74450684,-74.15080261,anonymous,EN,"1,2,3,4,5,6","2,5",,3,,"1,2,3",,1,,1,,4,3,,2,,4,"1,2,3",,2,,3,,2,,3,,4,,1,"2,4",,1,,"1,3",,3,,1,,3,"1,2,3",,5,,5,,3,,3,,"1,2",,3,,"1,3",,"1,2",,,,,,,,,,,,,,,,,,,,,,,,,,,,,,,,,,,,,,,,,,,,,,,,,,,,,,,,,,,,,,,,,,,,,,,,,,,,,,,,,,,,,,,,,,,,,,,,,,,,,,,,,,,,,,,,,,,,,,,,,,,,,,,,,,,,,,,,,,,,,,,,,,,female,21,student,4,1,,3,38207,"<span lang=""EN-GB"">Suppose
     you are at starbucks and you realize today is the last day to pay one of
     your bills online.<o:p></o:p></span>"
10/22/18 16:25,10/22/18 16:29,0,100.35.97.44,100,186,1,10/22/18 16:29,R_10CUyltehfn2tku,,,,,40.74450684,-74.15080261,anonymous,EN,"1,2,3,4,5,6",2,,5,,3,,1,,2,,1,2,,5,,1,3,,"1,2",,"1,3",,"1,2",,"1,3",,"1,2",,4,,,,,,,,,,,,,,,,,,,,,,,,,,,,,,,,,,,,,,,,,,,,,,,,,,,,,,,,,,,,,,,,,,,,,,,,,,,,,,,,,,,,,,,,2,,5,,"2,3",,1,,1,,3,"1,2,3",,5,,5,,"1,3",,3,,2,,3,,"1,3",,"1,2",,,,,,,,,,,,,,,,,,,,,,,,,,,,,,,,,,,,,,,,,,,,,,,,,,,,,,,,,,,,female,21,student,3,2,,3,41237,"<span lang=""EN-GB"">Suppose
     you want to take a click a photo when you are with people you are close to
     (e.g., friends, family members) at home<o:p></o:p></span>"
10/22/18 16:30,10/22/18 16:33,0,100.35.97.44,100,197,1,10/22/18 16:33,R_Bsotv6T9IEKwUJX,,,,,40.74450684,-74.15080261,anonymous,EN,"1,2,3,4,5,6",2,,5,,"1,2,3",,1,,1,,1,5,,5,,1,3,,"1,2",,"1,2,4",,"1,2",,5,,4,,6,,,,,,,,,,,,,,,,,,,,,,,,,,,,,,,,,,,,,,,,,,,,,,,,,,,,,,,,,,,,,,,,,,,,,,,,,,,,,,,,,,,,,,,,,,,,,,,,,,,,,,,,,,,,,,,,,,,,,,,,,,,,,,,,,,,,,,,,,,,,,,,,,,2,,5,,3,,1,,1,,1,5,,5,,5,,3,,"1,2,4",,"1,2",,"1,2,4",,"1,3",,4,,female,27,home maker,3,2,,4,11251,"<span lang=""EN-GB"">Suppose you want to a view a text message when you are alone at a street.<o:p></o:p></span>"
10/22/18 16:33,10/22/18 16:37,0,100.35.97.44,100,228,1,10/22/18 16:37,R_3hmc57eNCkOEdqF,,,,,40.74450684,-74.15080261,anonymous,EN,"1,2,3,4,6",2,,5,,3,,1,,1,,1,5,,5,,1,"1,3",,"1,2",,"1,2",,"1,2",,3,,"1,2",,2,,,,,,,,,,,,,,,,,,,,,,,,,,,,,,2,,5,,"1,2,3",,1,,1,,3,"2,3",,5,,5,,"1,3",,"1,2,3",,"1,2",,"1,2,3",,"2,3",,"1,2",,,,,,,,,,,,,,,,,,,,,,,,,,,,,,,,,,,,,,,,,,,,,,,,,,,,,,,,,,,,,,,,,,,,,,,,,,,,,,,,,,,,,,,,,,,,,,,,,,,,,,,,,,,,,,,,,,,,,,female,23,student,4,1,,3,44260,"<span lang=""EN-GB"">Suppose you want to take a click a photo when you are with your close friends&nbsp;</span>and family members at Starbucks"
10/22/18 16:29,10/22/18 17:52,0,100.35.97.44,100,4999,1,10/22/18 17:52,R_2ONIYu9j6bktMUZ,,,,,40.74450684,-74.15080261,anonymous,EN,"1,2,4,5,6","2,5",,5,,3,,3,,1,,3,3,,5,,3,3,,"1,2",,3,,"1,2",,5,,2,,4,,,,,,,,,,,,,,,,,,,,,,,,,,,,,,,,,,,,,,,,,,,,,,,,,,,,,,,,,,,,,,,,,,,,,,,,,,,,,,,,,,,,,,,,"2,5",,1,,3,,1,,1,,3,5,,"2,3",,"2,3",,"1,3",,3,,"1,2",,3,,"2,3",,4,,,,,,,,,,,,,,,,,,,,,,,,,,,,,,,,,,,,,,,,,,,,,,,,,,,,,,,,,,,,female,20,student,3,2,,2,31382,"Suppose you want to purchase something online when
     you are with people you know (e.g., acquaintances,
     colleagues) at a park.<o:p></o:p>"
10/22/18 17:54,10/22/18 18:04,0,100.35.97.44,100,557,1,10/22/18 18:04,R_2rCbpxnspsCDrkR,,,,,40.74450684,-74.15080261,anonymous,EN,"1,2,3,4,5,6","1,2,5",,5,,"1,2,3",,1,,1,,"1,2",5,,2,,"1,2",3,,2,,"2,4",,2,,3,,4,,6,,,,,,,,,,,,,,,,,,,,,,,,,,,,,,,,,,,,,,,,,,,,,,,,,,,,,,,,,,,,,,,,,,,,,,,,,,,,,,,,,,,,,,,,,,,,,,,,,,,,,,,,,,,,,,,,,,,,,,,,,,,,,,,,,,,,,,,,,,,,,,,,,,"1,2,5",,5,,"1,2,3",,1,,1,,1,5,,2,,2,,"1,2,3",,"1,2,3,4",,"1,2",,"1,2,3,4",,"1,3",,4,,Female,20,Student,3,3,,2,17736,"<span lang=""EN-GB"">Suppose
     you want to a send an email when you are walking on a street.<o:p></o:p></span>"
10/22/18 18:26,10/22/18 18:38,0,100.35.97.44,100,719,1,10/22/18 18:38,R_3nk0eLCdviw4Ca4,,,,,40.74450684,-74.15080261,anonymous,EN,"1,2,3,4,5,6","1,2,5",,1,,1,,1,,2,,1,3,,2,,1,3,,2,,2,,2,,1,,"1,2",,2,,,,,,,,,,,,,,,,,,,,,,,,,,,,,,1,,1,,"2,3,4",,1,,2,,1,5,,"2,3",,"2,3",,2,,2,,"1,2,3",,2,,1,,"1,2",,,,,,,,,,,,,,,,,,,,,,,,,,,,,,,,,,,,,,,,,,,,,,,,,,,,,,,,,,,,,,,,,,,,,,,,,,,,,,,,,,,,,,,,,,,,,,,,,,,,,,,,,,,,,,,,,,,,,,Female,20,Student,3,1,,1,51630,"<span lang=""EN-GB"">Suppose
     you want to listen to some audio when you with people you know (e.g.,
     acquaintances, colleagues) at Starbucks<o:p></o:p></span>"
10/22/18 19:32,10/22/18 19:38,0,108.212.142.253,100,342,1,10/22/18 19:38,R_2dZtqzWbozILrcR,,,,,39.8348999,-82.80439758,anonymous,EN,"1,2,3,4",2,,5,,1,,1,,1,,1,2,,2,,1,3,,2,,3,,2,,1,,2,,2,,,,,,,,,,,,,,,,,,,,,,,,,,,,,,2,,5,,1,,1,,1,,1,2,,2,,2,,3,,3,,2,,3,,1,,2,,,,,,,,,,,,,,,,,,,,,,,,,,,,,,,,,,,,,,,,,,,,,,,,,,,,,,,,,,,,,,,,,,,,,,,,,,,,,,,,,,,,,,,,,,,,,,,,,,,,,,,,,,,,,,,,,,,,,,male,50,Grants Adminstration,5,3,,6,16903,"<span lang=""EN-GB"">Suppose
     you want to listen to some audio when you are alone at your home.<strong><o:p></o:p></strong></span>"
10/22/18 21:21,10/22/18 21:24,0,75.131.255.32,100,195,1,10/22/18 21:25,R_bKKrhJTBxWMF1K1,,,,,30.27839661,-89.77120209,anonymous,EN,"1,2,3","1,2,3,4,5",,"1,2,3",,"1,2,3,4",,3,,"1,2,3,4",,3,"1,2,3",,"1,2,3",,3,"1,2,3,4",,"1,2,3",,"1,2,3,4",,"1,2,3",,"1,2,3",,"1,2",,2,,,,,,,,,,,,,,,,,,,,,,,,,,,,,,"1,2,3,4,5",,"1,2,3",,"1,2,3,4",,1,,"1,2,3,4",,"1,2,3","1,2,3",,"1,2,3",,"1,2,3",,"1,2,3,4",,"1,2,3,4",,"1,2,3",,"1,2,3,4",,"1,2,3",,"1,2",,,,,,,,,,,,,,,,,,,,,,,,,,,,,,,,,,,,,,,,,,,,,,,,,,,,,,,,,,,,,,,,,,,,,,,,,,,,,,,,,,,,,,,,,,,,,,,,,,,,,,,,,,,,,,,,,,,,,,Female,55,Administration,4,1,,3,74164,"<span lang=""EN-GB"">Suppose you are at a coffee shop, you have just read a book you loved and now&nbsp;</span>you want to write a review for it to share with your close family and friends."
10/22/18 22:09,10/22/18 22:23,0,72.223.91.82,100,865,1,10/22/18 22:23,R_8B20c1LTD9P5xYJ,,,,,33.43670654,-111.7731018,anonymous,EN,"1,2,3,4,5",2,,1,,"1,2,3",,3,,1,,1,2,,1,,1,"2,3",,"1,2",,"1,4",,"1,2",,"1,3",,"1,2",,2,,,,,,,,,,,,,,,,,,,,,,,,,,,,,,2,,1,,"1,2,3",,3,,1,,1,"1,2,3",,1,,1,,"2,3",,"1,4",,1,,"1,4",,"1,2",,1,,,,,,,,,,,,,,,,,,,,,,,,,,,,,,,,,,,,,,,,,,,,,,,,,,,,,,,,,,,,,,,,,,,,,,,,,,,,,,,,,,,,,,,,,,,,,,,,,,,,,,,,,,,,,,,,,,,,,,Female,42,Business Owner,5,1,,6,345,"<span lang=""EN-GB"">Suppose you want to read a digital document when you are in a park with people you know (e.g., acquaintances, colleagues).<o:p></o:p></span>"
10/23/18 2:10,10/23/18 2:18,0,192.238.218.107,100,505,1,10/23/18 2:18,R_2eOVrybB3qgMv5G,,,,,37.75100708,-97.8219986,anonymous,EN,"2,5,6","1,2,3,4,5",,"1,2,3",,"1,2,3,4",,1,,"1,2,3,4",,"1,2,3","1,2,3",,"1,2,3",,"1,2,3","1,2,3,4",,"1,2,3",,"1,2,3,4",,"1,2,3",,"1,2,3",,"1,2",,"2,5,6",,,,,,,,,,,,,,,,,,,,,,,,,,,,,,"1,2,3,4,5",,"1,2,3",,"1,2,3,4",,1,,"1,2,3,4",,"1,2,3","1,2,3",,"1,2,3",,"1,2,3",,"1,2,3,4",,"1,2,3,4",,"1,2,3",,"1,2,3,4",,"1,2,3",,"1,2",,,,,,,,,,,,,,,,,,,,,,,,,,,,,,,,,,,,,,,,,,,,,,,,,,,,,,,,,,,,"1,2,3,4,5",,"1,2,3",,"1,2,3,4",,1,,"1,2,3,4",,"1,2,3","1,2,3",,"1,2,3",,"1,2,3",,"1,2,3,4",,"1,2,3,4",,"1,2,3",,"1,2,3,4",,"1,2,3",,"1,2",,"1,2,3,4,5",,"1,2,3",,"1,2,3,4",,1,,"1,2,3,4",,"1,2,3","1,2,3",,"1,2,3",,"1,2,3",,"1,2,3,4",,"1,2,3,4",,"1,2,3",,"1,2,3,4",,"1,2,3",,"1,2",,MALE,24,ACCOUNTANT,6,4,,1,10535,"<span lang=""EN-GB"">Suppose
     you want to read a digital document when you are at Starbucks.<o:p></o:p></span>"
10/23/18 6:36,10/23/18 6:42,0,98.239.174.73,100,381,1,10/23/18 6:42,R_DqNRS9b2kGfk8G5,,,,,41.12600708,-78.75270081,anonymous,EN,"1,2,4,5",2,,3,,1,,1,,1,,3,3,,5,,3,1,,2,,6,,2,,5,,4,,2,,,,,,,,,,,,,,,,,,,,,,,,,,,,,,2,,5,,1,,1,,1,,3,3,,5,,5,,1,,6,,2,,6,,5,,4,,,,,,,,,,,,,,,,,,,,,,,,,,,,,,,,,,,,,,,,,,,,,,,,,,,,,,,,,,,,,,,,,,,,,,,,,,,,,,,,,,,,,,,,,,,,,,,,,,,,,,,,,,,,,,,,,,,,,,female,50,salon owner,4,1,,4,33617,"<span lang=""EN-GB"">Suppose
     you want to purchase something online when you are alone at Starbucks.<o:p></o:p></span>"
10/23/18 7:16,10/23/18 7:29,0,100.35.97.44,100,751,1,10/23/18 7:29,R_1MSNpkEVqz8QK5f,,,,,40.74450684,-74.15080261,anonymous,EN,"1,2,3,4,5,6","1,2,5",,5,,"3,4",,1,,1,,1,3,,2,,1,"3,4",,"2,3",,"2,3",,"2,3",,2,,4,,"2,5",,,,,,,,,,,,,,,,,,,,,,,,,,,,,,1,,1,,"2,3",,1,,1,,"1,2",3,,2,,2,,"2,3,4",,"2,3",,2,,"2,3",,5,,"1,2",,,,,,,,,,,,,,,,,,,,,,,,,,,,,,,,,,,,,,,,,,,,,,,,,,,,,,,,,,,,1,,5,,4,,1,,3,,"1,2",5,,"2,3",,"2,3",,"2,4",,"2,4",,3,,"2,4",,5,,4,,,,,,,,,,,,,,,,,,,,,,,,,,,,,,,female,45,teacher,4,3,,3,58104,"Suppose you want to call your mother for sharing an important update about your life when you are surrounded with people you are close to (e.g., friends, family members)at your home."
10/23/18 7:29,10/23/18 7:35,0,100.35.97.44,100,347,1,10/23/18 7:35,R_28O1J7Evc507hwQ,,,,,40.74450684,-74.15080261,anonymous,EN,"1,2,3,4,5,6","2,5",,1,,"2,3",,1,,1,,1,5,,2,,1,3,,"1,2",,"2,3",,"1,2",,5,,4,,6,,,,,,,,,,,,,,,,,,,,,,,,,,,,,,,,,,,,,,,,,,,,,,,,,,,,,,,,,,,,,,,,,,,,,,,,,,,,,,,,,,,,,,,,,,,,,,,,,,,,,,,,,,,,,,,,,,,,,,,,,,,,,,,,,,,,,,,,,,,,,,,,,,"2,5",,5,,3,,1,,1,,1,5,,5,,5,,3,,"1,2,3",,2,,"1,2,3",,1,,4,,female,34,cashier,2,2,,2,90164,"<span lang=""EN-GB"">Suppose you want to a view a text message when you are alone at a street.<o:p></o:p></span>"
10/23/18 7:40,10/23/18 7:43,0,100.35.97.44,100,216,1,10/23/18 7:43,R_31mUtcjaHrNeMan,,,,,40.74450684,-74.15080261,anonymous,EN,"1,2,3,4,5,6","1,2,5",,3,,2,,1,,1,,2,5,,2,,2,"3,4",,"1,2",,"2,3",,"1,2",,5,,4,,5,,,,,,,,,,,,,,,,,,,,,,,,,,,,,,,,,,,,,,,,,,,,,,,,,,,,,,,,,,,,,,,,,,,,,,,,,,,,,,,,,,,,,,,,,,,,,,,,,,,,,,,,,,,,,,,,,,,,,1,,5,,4,,1,,3,,2,5,,1,,1,,4,,"2,4",,3,,"2,4",,5,,4,,,,,,,,,,,,,,,,,,,,,,,,,,,,,,,female,36,cashier,2,2,,2,54780,"<span lang=""EN-GB"">Suppose
     you want to a send a text message when you are alone at home<strong><o:p></o:p></strong></span>"
10/23/18 8:08,10/23/18 8:14,0,65.73.63.234,100,369,1,10/23/18 8:14,R_3HH4ZdGNzg4h5As,,,,,41.45120239,-74.4701004,anonymous,EN,"1,2,5",2,,2,,6,,3,,1,,4,1,,5,,4,6,,1,,7,,1,,3,,"1,2",,2,,,,,,,,,,,,,,,,,,,,,,,,,,,,,,2,,1,,1,,1,,1,,1,1,,1,,1,,1,,1,,1,,1,,1,,1,,,,,,,,,,,,,,,,,,,,,,,,,,,,,,,,,,,,,,,,,,,,,,,,,,,,,,,,,,,,,,,,,,,,,,,,,,,,,,,,,,,,,,,,,,,,,,,,,,,,,,,,,,,,,,,,,,,,,,Male,47,Manager,3,1,,3,98617,"<span lang=""EN-GB"">Suppose you are alone at home when you realize today is the last day to pay one of your bills online.<o:p></o:p></span>"
10/23/18 7:38,10/23/18 8:26,0,100.35.97.44,100,2904,1,10/23/18 8:26,R_1Cw39k6RiN3S9uo,,,,,40.74450684,-74.15080261,anonymous,EN,"1,2,3,4,5,6","1,2",,5,,"2,4",,1,,1,,1,5,,3,,1,3,,5,,"2,3",,5,,1,,1,,"2,6",,,,,,,,,,,,,,,,,,,,,,,,,,,,,,"1,2,5",,1,,"3,4",,1,,1,,1,5,,3,,3,,"1,3",,"2,3",,2,,"2,3",,1,,1,,,,,,,,,,,,,,,,,,,,,,,,,,,,,,,,,,,,,,,,,,,,,,,,,,,,,,,,,,,,,,,,,,,,,,,,,,,,,,,,,,,,,,,,,"1,2,5",,5,,"3,4",,1,,1,,1,5,,5,,5,,"3,4",,"1,2",,"1,2",,"1,2",,1,,1,,female,23,student,3,2,,2,91575,"<span lang=""EN-GB"">Suppose you want to find a route to home while walking on a street with your close friends.<o:p></o:p></span>"
10/23/18 8:27,10/23/18 8:33,0,100.35.97.44,100,410,1,10/23/18 8:33,R_2ygECfofEoL0uyM,,,,,40.74450684,-74.15080261,anonymous,EN,"1,2,3,4,5,6",2,,5,,2,,1,,1,,1,2,,5,,1,3,,"1,2",,"1,3",,"1,2",,"2,3",,1,,2,,,,,,,,,,,,,,,,,,,,,,,,,,,,,,2,,5,,"2,3",,1,,1,,1,2,,5,,5,,3,,1,,2,,1,,3,,"1,2",,,,,,,,,,,,,,,,,,,,,,,,,,,,,,,,,,,,,,,,,,,,,,,,,,,,,,,,,,,,,,,,,,,,,,,,,,,,,,,,,,,,,,,,,,,,,,,,,,,,,,,,,,,,,,,,,,,,,,female,20,student,3,6,,3,892,"<span lang=""EN-GB"">Suppose you want to take a click a photo when you are with your close friends&nbsp;</span>and family members at Starbucks"
10/23/18 8:35,10/23/18 8:46,0,100.35.97.44,100,673,1,10/23/18 8:46,R_3oLy9R6ZXIPRDq3,,,,,40.74450684,-74.15080261,anonymous,EN,"1,2,3,4,5,6","1,2",,3,,"3,4",,1,,2,,"1,2",5,,5,,"1,2","3,4",,"1,2",,"2,3",,"1,2",,5,,1,,6,,,,,,,,,,,,,,,,,,,,,,,,,,,,,,,,,,,,,,,,,,,,,,,,,,,,,,,,,,,,,,,,,,,,,,,,,,,,,,,,,,,,,,,,,,,,,,,,,,,,,,,,,,,,,,,,,,,,,,,,,,,,,,,,,,,,,,,,,,,,,,,,,,"1,2",,5,,"2,3",,1,,1,,3,5,,5,,5,,"3,4",,"1,2",,"1,2",,"1,2",,1,,1,,female,23,cashier,3,2,,3,30401,"<span lang=""EN-GB"">Suppose you want to find a route to home while walking on a street.<o:p></o:p></span>"
10/23/18 8:48,10/23/18 9:02,0,100.35.97.44,100,826,1,10/23/18 9:02,R_2Ezd5bXIol0YasS,,,,,40.74450684,-74.15080261,anonymous,EN,"1,2,3,4,5,6",2,,1,,"2,3",,1,,1,,1,"2,3",,2,,1,3,,"1,2",,3,,"1,2",,1,,2,,"2,6",,,,,,,,,,,,,,,,,,,,,,,,,,,,,,"1,2",,3,,"2,3",,1,,1,,1,5,,2,,2,,3,,"2,3",,"1,2",,"2,3",,1,,4,,,,,,,,,,,,,,,,,,,,,,,,,,,,,,,,,,,,,,,,,,,,,,,,,,,,,,,,,,,,,,,,,,,,,,,,,,,,,,,,,,,,,,,,,2,,5,,2,,1,,1,,1,5,,2,,2,,3,,"1,2,3",,"1,2",,"1,2,3",,1,,4,,female,23,student,3,2,,2,25536,"<span lang=""EN-GB"">Suppose you want to a send an email when you are walking with a very close friend on a street.&nbsp;<o:p></o:p></span>"
10/23/18 9:02,10/23/18 9:07,0,100.35.97.44,100,321,1,10/23/18 9:07,R_3EGSmu5GetL5h6c,,,,,40.74450684,-74.15080261,anonymous,EN,"1,2,3,4,5,6",1,,5,,"2,4",,1,,1,,3,5,,2,,3,4,,3,,2,,3,,5,,2,,5,,,,,,,,,,,,,,,,,,,,,,,,,,,,,,,,,,,,,,,,,,,,,,,,,,,,,,,,,,,,,,,,,,,,,,,,,,,,,,,,,,,,,,,,,,,,,,,,,,,,,,,,,,,,,,,,,,,,,1,,5,,4,,1,,3,,3,5,,2,,2,,4,,2,,3,,2,,5,,2,,,,,,,,,,,,,,,,,,,,,,,,,,,,,,,female,34,home maker,4,4,,4,7718,"<span lang=""EN-GB"">Suppose you are alone at home, you want to take a break from studying/working&nbsp;</span>so you decide to play an online/digital game with some close friends ."
10/23/18 9:07,10/23/18 9:10,0,100.35.97.44,100,157,1,10/23/18 9:10,R_1HoQAKrk5J9363U,,,,,40.74450684,-74.15080261,anonymous,EN,"1,2,3,4,5,6",1,,5,,"2,3,4",,1,,1,,1,5,,2,,1,4,,2,,"2,3",,2,,5,,4,,2,,,,,,,,,,,,,,,,,,,,,,,,,,,,,,1,,5,,"2,3,4",,1,,1,,1,3,,2,,2,,3,,"2,3",,2,,"2,3",,"1,3",,"1,2",,,,,,,,,,,,,,,,,,,,,,,,,,,,,,,,,,,,,,,,,,,,,,,,,,,,,,,,,,,,,,,,,,,,,,,,,,,,,,,,,,,,,,,,,,,,,,,,,,,,,,,,,,,,,,,,,,,,,,male,20,student,4,3,,3,67620,"<span lang=""EN-GB"">Suppose
     you want to a send an email when you are walking on a street.<o:p></o:p></span>"
10/23/18 9:10,10/23/18 9:16,0,100.35.97.44,100,352,1,10/23/18 9:16,R_2dMgmfrlkHxvu5Q,,,,,40.74450684,-74.15080261,anonymous,EN,"1,2,3,4,5,6",2,,1,,"1,3",,1,,1,,1,5,,2,,1,3,,2,,3,,2,,1,,1,,4,,,,,,,,,,,,,,,,,,,,,,,,,,,,,,,,,,,,,,,,,,,,,,,,,,,,,,,,,,,,,,,,,,,,,,,,,,,,,,,,,,,,,,,,2,,5,,"1,2,3",,3,,1,,1,5,,5,,5,,"1,3",,3,,2,,3,,3,,1,,,,,,,,,,,,,,,,,,,,,,,,,,,,,,,,,,,,,,,,,,,,,,,,,,,,,,,,,,,,male,33,driver,3,4,,3,94665,"<span lang=""EN-GB"">Suppose you are on a short vacation and you want to take a picture in front&nbsp;</span>of an iconic monument when you are surrounded by many people."
10/23/18 9:41,10/23/18 9:47,0,45.17.3.207,100,345,1,10/23/18 9:47,R_3ELLsVPSltFOVex,,,,,33.47680664,-84.05500031,anonymous,EN,"1,2,3,4","2,3,5",,1,,"1,2,3,4",,1,,1,,"2,3","1,2,3",,"2,3",,"2,3","2,3",,"1,2",,3,,"1,2",,"1,3",,4,,2,,,,,,,,,,,,,,,,,,,,,,,,,,,,,,"2,3,5",,1,,"1,2,3",,1,,1,,"2,3","1,2,3",,"2,3",,"2,3",,"2,3,4",,"3,4",,2,,"3,4",,"1,2,3",,4,,,,,,,,,,,,,,,,,,,,,,,,,,,,,,,,,,,,,,,,,,,,,,,,,,,,,,,,,,,,,,,,,,,,,,,,,,,,,,,,,,,,,,,,,,,,,,,,,,,,,,,,,,,,,,,,,,,,,,female,43,patient care supervisor,3,1,,3,80293,"<span lang=""EN-GB"">Suppose you are at a park with some people you know (e.g., acquaintances, colleagues) when you realize that you have to immediately pay one of your bills online.<o:p></o:p></span>"
10/23/18 13:25,10/23/18 13:32,0,129.71.94.103,100,455,1,10/23/18 13:32,R_2flzhDy50yuIMv7,,,,,39.6098938,-79.98310089,anonymous,EN,"1,2,4","2,4",,5,,"1,2",,3,,1,,3,3,,"1,2",,3,2,,2,,3,,2,,"1,2",,"1,2",,"1,2",4,,3,,"1,3",,3,,2,,3,"1,2,3",,5,,5,,6,,3,,2,,3,,"1,2,3",,4,,"2,5",,5,,"1,3",,1,,2,,"1,2","1,2,3",,5,,5,,2,,"1,3",,2,,"1,3",,"1,2",,2,,,,,,,,,,,,,,,,,,,,,,,,,,,,,,,,,,,,,,,,,,,,,,,,,,,,,,,,,,,,,,,,,,,,,,,,,,,,,,,,,,,,,,,,,,,,,,,,,,,,,,,,,,,,,,,,,,,,,,female,25,unemployed,5,1,,2,41797,"<span lang=""EN-GB"">Suppose
     you want to a send an email when you are surrounded by people you know
     (e.g., acquaintances, colleagues) your home.<o:p></o:p></span>"
10/23/18 14:38,10/23/18 14:51,0,172.251.16.57,100,827,1,10/23/18 14:51,R_2VfL25F5Fv2zqk2,,,,,34.04179382,-117.756897,anonymous,EN,"1,2,3,4,5",7,,5,,6,,1,,1,,1,5,,5,,1,6,,5,,7,,5,,5,,4,,2,,,,,,,,,,,,,,,,,,,,,,,,,,,,,,7,,5,,6,,1,,6,,1,5,,5,,5,,6,,7,,5,,7,,5,,4,,,,,,,,,,,,,,,,,,,,,,,,,,,,,,,,,,,,,,,,,,,,,,,,,,,,,,,,,,,,,,,,,,,,,,,,,,,,,,,,,,,,,,,,,,,,,,,,,,,,,,,,,,,,,,,,,,,,,,female,34,consultant,5,5,,2,28126,"<span lang=""EN-GB"">Suppose you are on a short vacation alone and you want to take a picture in front&nbsp;</span>of an iconic monument."
10/23/18 14:53,10/23/18 15:06,0,65.35.51.221,100,756,1,10/23/18 15:06,R_3KMBZZAp0pseN3t,,,,,27.70150757,-82.31510162,anonymous,EN,"1,2,4",2,,1,,2,,1,,1,,3,1,,1,,3,1,,2,,3,,2,,3,,1,,2,,,,,,,,,,,,,,,,,,,,,,,,,,,,,,2,,1,,2,,1,,1,,3,1,,3,,3,,1,,3,,2,,3,,2,,2,,,,,,,,,,,,,,,,,,,,,,,,,,,,,,,,,,,,,,,,,,,,,,,,,,,,,,,,,,,,,,,,,,,,,,,,,,,,,,,,,,,,,,,,,,,,,,,,,,,,,,,,,,,,,,,,,,,,,,female,50,teacher,5,3,,2,40278,"Suppose you want to call your mother for sharing an important update about your life when you are surrounded with people you are close to (e.g., friends, family members)at your home."
10/23/18 15:10,10/23/18 15:17,0,198.136.26.47,100,407,1,10/23/18 15:17,R_2zj8bSRrROY0wHp,,,,,34.05839539,-118.2779999,anonymous,EN,"1,2,3,4,6",4,,1,,6,,3,,6,,4,3,,5,,4,6,,5,,6,,5,,5,,4,,2,,,,,,,,,,,,,,,,,,,,,,,,,,,,,,"2,5",,5,,6,,3,,1,,4,5,,5,,5,,6,,7,,5,,7,,5,,4,,,,,,,,,,,,,,,,,,,,,,,,,,,,,,,,,,,,,,,,,,,,,,,,,,,,,,,,,,,,,,,,,,,,,,,,,,,,,,,,,,,,,,,,,,,,,,,,,,,,,,,,,,,,,,,,,,,,,,Male,38,Self-employed,4,5,,3,49504,"<span lang=""EN-GB"">Suppose
     you want to purchase something online when you are with your close friends
     at Starbucks.<o:p></o:p></span>"
10/23/18 15:22,10/23/18 15:31,0,67.171.239.216,100,553,1,10/23/18 15:31,R_zU9kVwWLAvjWiJP,,,,,45.68919373,-122.6615982,anonymous,EN,"1,2,6",1,,1,,1,,1,,1,,1,1,,1,,1,3,,1,,1,,1,,1,,1,,2,,,,,,,,,,,,,,,,,,,,,,,,,,,,,,1,,1,,1,,1,,1,,1,1,,1,,1,,1,,1,,1,,1,,"1,2,3",,1,,,,,,,,,,,,,,,,,,,,,,,,,,,,,,,,,,,,,,,,,,,,,,,,,,,,,,,,,,,,,,,,,,,,,,,,,,,,,,,,,,,,,,,,,,,,,,,,,,,,,,,,,,,,,,,,,,,,,,Female,39,Self Employed,2,1,,1,63350,"<span lang=""EN-GB"">Suppose
     you want to purchase something online when you are with people you are
     close to (e.g., friends, family members).<o:p></o:p></span>"
10/23/18 16:01,10/23/18 16:05,0,97.119.125.202,100,271,1,10/23/18 16:05,R_2QmJLSR8GrRdNJK,,,,,41.26559448,-96.04930115,anonymous,EN,"1,2,4",7,,5,,6,,1,,1,,4,5,,5,,4,6,,5,,7,,5,,1,,4,,2,,,,,,,,,,,,,,,,,,,,,,,,,,,,,,7,,5,,6,,1,,1,,4,5,,5,,5,,6,,7,,5,,7,,5,,4,,,,,,,,,,,,,,,,,,,,,,,,,,,,,,,,,,,,,,,,,,,,,,,,,,,,,,,,,,,,,,,,,,,,,,,,,,,,,,,,,,,,,,,,,,,,,,,,,,,,,,,,,,,,,,,,,,,,,,nale,33,Property Manager,4,1,,3,58259,"Suppose
     you want to call your mother for sharing an important update about your
     life when you are surrounded by people you
     know (e.g., acquaintances, colleagues) at a restaurant.<o:p></o:p>"
10/23/18 17:58,10/23/18 18:02,0,71.176.70.228,100,269,1,10/23/18 18:02,R_bqhjftlHLRYMHMR,,,,,43.03540039,-76.12819672,anonymous,EN,"1,2,3,4,5,6","1,2,5",,5,,"3,4",,1,,1,,1,3,,"2,3",,1,"3,4",,"1,2",,"1,2,3",,"1,2",,1,,"1,2",,"2,6",,,,,,,,,,,,,,,,,,,,,,,,,,,,,,"1,2,5",,5,,"2,3",,1,,1,,4,3,,"2,3",,"2,3",,"2,3",,"1,2,4",,"1,2",,"1,2,4",,1,,"1,2",,,,,,,,,,,,,,,,,,,,,,,,,,,,,,,,,,,,,,,,,,,,,,,,,,,,,,,,,,,,,,,,,,,,,,,,,,,,,,,,,,,,,,,,,2,,1,,"3,4",,1,,1,,1,5,,5,,5,,3,,"1,2,3",,"1,2",,"1,2,3",,1,,1,,female,24,engineer,4,3,,5,48077,"<span lang=""EN-GB"">Suppose you want to find a route to home while walking on a street with your close friends.<o:p></o:p></span>"
10/23/18 18:04,10/23/18 18:11,0,71.176.70.228,100,401,1,10/23/18 18:11,R_3JyGIGLKsMcubFv,,,,,43.03540039,-76.12819672,anonymous,EN,"1,2,3,4,5,6","2,5",,3,,"2,3",,3,,1,,3,3,,5,,3,"1,3",,"1,2",,3,,"1,2",,3,,"1,2",,1,"2,5",,1,,"2,3",,3,,1,,1,3,,5,,5,,"1,2,3",,3,,"1,2",,3,,"1,3",,"1,2",,,,,,,,,,,,,,,,,,,,,,,,,,,,,,,,,,,,,,,,,,,,,,,,,,,,,,,,,,,,,,,,,,,,,,,,,,,,,,,,,,,,,,,,,,,,,,,,,,,,,,,,,,,,,,,,,,,,,,,,,,,,,,,,,,,,,,,,,,,,,,,,,,,male,34,engineer,5,4,,5,51216,"<span lang=""EN-GB"">Suppose
     you want to read a digital document when you are at home with people you
     are close to (e.g., friends, family members).<strong><o:p></o:p></strong></span>"
10/23/18 18:11,10/23/18 18:15,0,71.176.70.228,100,230,1,10/23/18 18:15,R_2Qms7WB1iiMRNcA,,,,,43.03540039,-76.12819672,anonymous,EN,"1,2,3,4,5,6","1,2,5",,5,,3,,1,,1,,1,5,,5,,1,3,,"1,2",,1,,"1,2",,"1,3",,4,,"2,6",,,,,,,,,,,,,,,,,,,,,,,,,,,,,,1,,3,,3,,1,,1,,1,3,,2,,2,,3,,3,,"1,2",,3,,3,,"1,2",,,,,,,,,,,,,,,,,,,,,,,,,,,,,,,,,,,,,,,,,,,,,,,,,,,,,,,,,,,,,,,,,,,,,,,,,,,,,,,,,,,,,,,,,1,,5,,"3,4",,1,,1,,1,5,,5,,5,,"3,4",,"2,3",,3,,"2,3",,1,,1,,male,34,manager,5,5,,5,19639,"<span lang=""EN-GB"">Suppose
     you want to a send an email when you are walking on a street with people
     you know (e.g., acquaintances, colleagues)<strong>.</strong><o:p></o:p></span>"
10/23/18 18:16,10/23/18 18:19,0,71.176.70.228,100,176,1,10/23/18 18:19,R_9Ys69PUiIP8fcv7,,,,,43.03540039,-76.12819672,anonymous,EN,"1,2,3,4,5,6","1,2",,5,,"3,4",,1,,2,,3,5,,5,,3,3,,5,,3,,5,,1,,1,,4,,,,,,,,,,,,,,,,,,,,,,,,,,,,,,,,,,,,,,,,,,,,,,,,,,,,,,,,,,,,,,,,,,,,,,,,,,,,,,,,,,,,,,,,"1,2",,3,,"3,4",,1,,1,,1,5,,2,,2,,3,,"2,3",,2,,"2,3",,1,,1,,,,,,,,,,,,,,,,,,,,,,,,,,,,,,,,,,,,,,,,,,,,,,,,      ,,,,,,,,,,,,male,40,cashier,3,3,,3,9222,"<span lang=""EN-GB"">Suppose you are at sitting in a park and you want to play a digital/online game&nbsp;</span>with some close friends."